{"cameraMode":{"drawMode":0,"name":"Shaded","section":"Shading Mode"},"sceneLighting":false,"audioPlay":false,"sceneViewState":{"showFog":true,"showMaterialUpdate":false,"showSkybox":false,"showFlares":true,"showImageEffects":true,"showParticleSystems":true},"in2DMode":false,"pivot":{"x":-0.033214740455150607,"y":0.47846895456314089,"z":-0.21352159976959229},"rotation":{"x":-0.008451332338154316,"y":0.9889160394668579,"z":-0.13463252782821656,"w":-0.062085818499326709},"size":1.423436164855957,"orthographic":false}