{"cameraMode":{"drawMode":0,"name":"Shaded","section":"Shading Mode"},"sceneLighting":false,"audioPlay":false,"sceneViewState":{"showFog":true,"showMaterialUpdate":false,"showSkybox":false,"showFlares":true,"showImageEffects":true,"showParticleSystems":true},"in2DMode":false,"pivot":{"x":-0.035990700125694278,"y":-0.05071656405925751,"z":0.00015965662896633148},"rotation":{"x":0.23959580063819886,"y":0.23209789395332337,"z":-0.0590166337788105,"w":0.9409685134887695},"size":0.8347896933555603,"orthographic":false}