{"cameraMode":{"drawMode":0,"name":"Shaded","section":"Shading Mode"},"sceneLighting":true,"audioPlay":false,"sceneViewState":{"showFog":true,"showMaterialUpdate":false,"showSkybox":true,"showFlares":true,"showImageEffects":true,"showParticleSystems":true},"in2DMode":false,"pivot":{"x":-3.5586977005004885,"y":2.1083567142486574,"z":9.090450286865235},"rotation":{"x":0.030010266229510309,"y":-0.5060944557189941,"z":0.017624184489250184,"w":0.861777663230896},"size":10.0,"orthographic":false}