{"cameraMode":{"drawMode":0,"name":"Shaded","section":"Shading Mode"},"sceneLighting":false,"audioPlay":false,"sceneViewState":{"showFog":true,"showMaterialUpdate":false,"showSkybox":false,"showFlares":true,"showImageEffects":true,"showParticleSystems":true},"in2DMode":false,"pivot":{"x":0.036065924912691119,"y":-0.035979270935058597,"z":0.2780611515045166},"rotation":{"x":0.261337548494339,"y":-0.09826400876045227,"z":0.02671106532216072,"w":0.9598928689956665},"size":3.2379558086395265,"orthographic":false}