{"cameraMode":{"drawMode":0,"name":"Shaded","section":"Shading Mode"},"sceneLighting":false,"audioPlay":false,"sceneViewState":{"showFog":true,"showMaterialUpdate":false,"showSkybox":false,"showFlares":true,"showImageEffects":true,"showParticleSystems":true},"in2DMode":false,"pivot":{"x":-0.07198140025138855,"y":-0.10143312811851502,"z":0.00031931325793266296},"rotation":{"x":-0.01672940142452717,"y":0.9796940684318543,"z":-0.17706990242004395,"w":-0.09256037324666977},"size":1.6695793867111207,"orthographic":false}