{"cameraMode":{"drawMode":0,"name":"Shaded","section":"Shading Mode"},"sceneLighting":false,"audioPlay":false,"sceneViewState":{"showFog":true,"showMaterialUpdate":false,"showSkybox":false,"showFlares":true,"showImageEffects":true,"showParticleSystems":true},"in2DMode":false,"pivot":{"x":-0.017995350062847139,"y":-0.05071656405925751,"z":0.00015965662896633148},"rotation":{"x":0.0487782284617424,"y":0.9463335871696472,"z":-0.26987892389297488,"w":0.171031653881073},"size":0.4761044681072235,"orthographic":false}