{"cameraMode":{"drawMode":0,"name":"Shaded","section":"Shading Mode"},"sceneLighting":true,"audioPlay":false,"sceneViewState":{"showFog":true,"showMaterialUpdate":false,"showSkybox":false,"showFlares":true,"showImageEffects":true,"showParticleSystems":true},"in2DMode":false,"pivot":{"x":0.11299991607666016,"y":-0.14400005340576173,"z":0.5629997253417969},"rotation":{"x":0.022267552092671396,"y":0.6922585368156433,"z":-0.021417396143078805,"w":0.7210962176322937},"size":80.02074432373047,"orthographic":false}